# Copyright (C) 1991-2014 Altera Corporation. All rights reserved.
# Your use of Altera Corporation's design tools, logic functions 
# and other software and tools, and its AMPP partner logic 
# functions, and any output files from any of the foregoing 
# (including device programming or simulation files), and any 
# associated documentation or information are expressly subject 
# to the terms and conditions of the Altera Program License 
# Subscription Agreement, the Altera Quartus II License Agreement,
# the Altera MegaCore Function License Agreement, or other 
# applicable license agreement, including, without limitation, 
# that your use is for the sole purpose of programming logic 
# devices manufactured by Altera and sold by Altera or its 
# authorized distributors.  Please refer to the applicable 
# agreement for further details.

# Quartus II 64-Bit Version 14.0.2 Build 209 09/17/2014 SJ Full Version
# File: /home/student1/a49alam/COE608/introtutorial/light_assignments.csv
# Generated on: Thu Jan 16 08:55:09 2025

Status,From,To,Assignment Name,Value,Enabled,Entity,Comment,Tag
Ok,,x1,Location,PIN_AB28,Yes,,,
Ok,,x2,Location,PIN_AC28,Yes,,,
Ok,,f,Location,PIN_E21,Yes,,,
,<<new>>,<<new>>,<<new>>,,,,,
